Control ID,Control,Control Description,Criticality,Domain,Framework (FK),Identifier,Implementation Guidance,Is Active,Mapped Controls,Type,Weight
1,Security Management Process - Risk Analysis,"Conduct an accurate and thorough assessment of the potential risks and vulnerabilities to the confidentiality, integrity, and availability of electronic protected health information held by the covered entity or business associate.",,Administrative Safeguards,9,164.308(a)(1)(ii)(A),"Implement policies and procedures to prevent, detect, contain, and correct security violations.",Yes,,,
2,Security Management Process - Risk Management,Implement security measures sufficient to reduce risks and vulnerabilities to a reasonable and appropriate level to comply with § 164.306(a).,,Administrative Safeguards,9,164.308(a)(1)(ii)(B),"Implement policies and procedures to prevent, detect, contain, and correct security violations.",Yes,,,
3,Security Management Process - Sanction Policy,Apply appropriate sanctions against workforce members who fail to comply with the security policies and procedures of the covered entity or business associate.,,Administrative Safeguards,9,164.308(a)(1)(ii)(C),"Implement policies and procedures to prevent, detect, contain, and correct security violations.",Yes,,,
4,Security Management Process - Information System Activity Review,"Implement procedures to regularly review records of information system activity, such as audit logs, access reports, and security incident tracking reports.",,Administrative Safeguards,9,164.308(a)(1)(ii)(D),"Implement policies and procedures to prevent, detect, contain, and correct security violations.",Yes,,,
5,Assigned Security Responsibility,Identify the security official who is responsible for the development and implementation of the policies and procedures required by this subpart for the covered entity or business associate.,,Administrative Safeguards,9,164.308(a)(2),Standard: Assigned security responsibility.,Yes,,,
6,Workforce Security - Authorization and/or Supervision,Implement procedures for the authorization and/or supervision of workforce members who work with electronic protected health information or in locations where it might be accessed.,,Administrative Safeguards,9,164.308(a)(3)(ii)(A),"Implement policies and procedures to ensure that all members of its workforce have appropriate access to electronic protected health information, as provided under paragraph (a)(4) of this section, and to prevent those workforce members who do not have access under paragraph (a)(4) of this section from obtaining access to electronic protected health information.",Yes,,,
7,Workforce Security - Workforce Clearance Procedure,Implement procedures to determine that the access of a workforce member to electronic protected health information is appropriate.,,Administrative Safeguards,9,164.308(a)(3)(ii)(B),"Implement policies and procedures to ensure that all members of its workforce have appropriate access to electronic protected health information, as provided under paragraph (a)(4) of this section, and to prevent those workforce members who do not have access under paragraph (a)(4) of this section from obtaining access to electronic protected health information.",Yes,,,
8,Workforce Security - Termination Procedures,"Implement procedures for terminating access to electronic protected health information when the employment of, or other arrangement with, a workforce member ends or as required by determinations made as specified in paragraph (a)(3)(ii)(B) of this section.",,Administrative Safeguards,9,164.308(a)(3)(ii)(C),"Implement policies and procedures to ensure that all members of its workforce have appropriate access to electronic protected health information, as provided under paragraph (a)(4) of this section, and to prevent those workforce members who do not have access under paragraph (a)(4) of this section from obtaining access to electronic protected health information.",Yes,,,
9,Information Access Management - Isolating Health Care Clearinghouse Function,"If a health care clearinghouse is part of a larger organization, the clearinghouse must implement policies and procedures that protect the electronic protected health information of the clearinghouse from unauthorized access by the larger organization.",,Administrative Safeguards,9,164.308(a)(4)(ii)(A),Implement policies and procedures for authorizing access to electronic protected health information that are consistent with the applicable requirements of subpart E of this part.,Yes,,,
10,Information Access Management - Access Authorization,"Implement policies and procedures for granting access to electronic protected health information, for example, through access to a workstation, transaction, program, process, or other mechanism.",,Administrative Safeguards,9,164.308(a)(4)(ii)(B),Implement policies and procedures for authorizing access to electronic protected health information that are consistent with the applicable requirements of subpart E of this part.,Yes,,,
11,Information Access Management - Access Establishment and Modification,"Implement policies and procedures that, based upon the covered entity's or the business associate's access authorization policies, establish, document, review, and modify a user's right of access to a workstation, transaction, program, or process.",,Administrative Safeguards,9,164.308(a)(4)(ii)(C),Implement policies and procedures for authorizing access to electronic protected health information that are consistent with the applicable requirements of subpart E of this part.,Yes,,,
12,Security Awareness and Training - Security Reminders,Periodic security updates.,,Administrative Safeguards,9,164.308(a)(5)(ii)(A),Implement a security awareness and training program for all members of its workforce (including management).,Yes,,,
13,Security Awareness and Training - Protection from Malicious Software,"Procedures for guarding against, detecting, and reporting malicious software.",,Administrative Safeguards,9,164.308(a)(5)(ii)(B),Implement a security awareness and training program for all members of its workforce (including management).,Yes,,,
14,Security Awareness and Training - Log-in Monitoring,Procedures for monitoring log-in attempts and reporting discrepancies.,,Administrative Safeguards,9,164.308(a)(5)(ii)(C),Implement a security awareness and training program for all members of its workforce (including management).,Yes,,,
15,Security Awareness and Training - Password Management,"Procedures for creating, changing, and safeguarding passwords.",,Administrative Safeguards,9,164.308(a)(5)(ii)(D),Implement a security awareness and training program for all members of its workforce (including management).,Yes,,,
16,Security Incident Procedures - Response and Reporting,"Identify and respond to suspected or known security incidents; mitigate, to the extent practicable, harmful effects of security incidents that are known to the covered entity or business associate; and document security incidents and their outcomes.",,Administrative Safeguards,9,164.308(a)(6)(ii),Standard: Security incident procedures. Implement policies and procedures to address security incidents.,Yes,,,
17,Contingency Plan - Data Backup Plan,Establish and implement procedures to create and maintain retrievable exact copies of electronic protected health information.,,Administrative Safeguards,9,164.308(a)(7)(ii)(A),"Standard: Contingency plan. Establish (and implement as needed) policies and procedures for responding to an emergency or other occurrence (for example, fire, vandalism, system failure, and natural disaster) that damages systems that contain electronic protected health information.",Yes,,,
18,Contingency Plan - Disaster Recovery Plan,Establish (and implement as needed) procedures to restore any loss of data.,,Administrative Safeguards,9,164.308(a)(7)(ii)(B),"Standard: Contingency plan. Establish (and implement as needed) policies and procedures for responding to an emergency or other occurrence (for example, fire, vandalism, system failure, and natural disaster) that damages systems that contain electronic protected health information.",Yes,,,
19,Contingency Plan - Emergency Mode Operation Plan,Establish (and implement as needed) procedures to enable continuation of critical business processes for protection of the security of electronic protected health information while operating in emergency mode.,,Administrative Safeguards,9,164.308(a)(7)(ii)(C),"Standard: Contingency plan. Establish (and implement as needed) policies and procedures for responding to an emergency or other occurrence (for example, fire, vandalism, system failure, and natural disaster) that damages systems that contain electronic protected health information.",Yes,,,
20,Contingency Plan - Testing and Revision Procedures,Implement procedures for periodic testing and revision of contingency plans.,,Administrative Safeguards,9,164.308(a)(7)(ii)(D),"Standard: Contingency plan. Establish (and implement as needed) policies and procedures for responding to an emergency or other occurrence (for example, fire, vandalism, system failure, and natural disaster) that damages systems that contain electronic protected health information.",Yes,,,
21,Contingency Plan - Applications and Data Criticality Analysis,Assess the relative criticality of specific applications and data in support of other contingency plan components.,,Administrative Safeguards,9,164.308(a)(7)(ii)(E),"Standard: Contingency plan. Establish (and implement as needed) policies and procedures for responding to an emergency or other occurrence (for example, fire, vandalism, system failure, and natural disaster) that damages systems that contain electronic protected health information.",Yes,,,
22,Evaluation,"Perform a periodic technical and nontechnical evaluation, based initially upon the standards implemented under this rule and, subsequently, in response to environmental or operational changes affecting the security of electronic protected health information, that establishes the extent to which a covered entity's or business associate's security policies and procedures meet the requirements of this subpart.",,Administrative Safeguards,9,164.308(a)(8),Standard: Evaluation.,Yes,,,
23,Business Associate Contracts - Written Contract or Other Arrangement,Document the satisfactory assurances required by paragraph (b)(1) or (b)(2) of this section through a written contract or other arrangement with the business associate that meets the applicable requirements of § 164.314(a).,,Administrative Safeguards,9,164.308(b)(3),"Business associate contracts and other arrangements. A covered entity may permit a business associate to create, receive, maintain, or transmit electronic protected health information on the covered entity's behalf only if the covered entity obtains satisfactory assurances, in accordance with § 164.314(a), that the business associate will appropriately safeguard the information.",Yes,,,
24,Facility Access Controls - Contingency Operations,Establish (and implement as needed) procedures that allow facility access in support of restoration of lost data under the disaster recovery plan and emergency mode operations plan in the event of an emergency.,,Physical Safeguards,9,164.310(a)(2)(i),"Implement policies and procedures to limit physical access to its electronic information systems and the facility or facilities in which they are housed, while ensuring that properly authorized access is allowed.",Yes,,,
25,Facility Access Controls - Facility Security Plan,"Implement policies and procedures to safeguard the facility and the equipment therein from unauthorized physical access, tampering, and theft.",,Physical Safeguards,9,164.310(a)(2)(ii),"Implement policies and procedures to limit physical access to its electronic information systems and the facility or facilities in which they are housed, while ensuring that properly authorized access is allowed.",Yes,,,
26,Facility Access Controls - Access Control and Validation Procedures,"Implement procedures to control and validate a person's access to facilities based on their role or function, including visitor control, and control of access to software programs for testing and revision.",,Physical Safeguards,9,164.310(a)(2)(iii),"Implement policies and procedures to limit physical access to its electronic information systems and the facility or facilities in which they are housed, while ensuring that properly authorized access is allowed.",Yes,,,
27,Facility Access Controls - Maintenance Records,"Implement policies and procedures to document repairs and modifications to the physical components of a facility which are related to security (for example, hardware, walls, doors, and locks).",,Physical Safeguards,9,164.310(a)(2)(iv),"Implement policies and procedures to limit physical access to its electronic information systems and the facility or facilities in which they are housed, while ensuring that properly authorized access is allowed.",Yes,,,
28,Workstation Use,"Implement policies and procedures that specify the proper functions to be performed, the manner in which those functions are to be performed, and the physical attributes of the surroundings of a specific workstation or class of workstation that can access electronic protected health information.",,Physical Safeguards,9,164.310(b),"Implement policies and procedures that specify the proper functions to be performed, the manner in which those functions are to be performed, and the physical attributes of the surroundings of a specific workstation or class of workstation that can access electronic protected health information.",Yes,,,
29,Workstation Security,"Implement physical safeguards for all workstations that access electronic protected health information, to restrict access to authorized users.",,Physical Safeguards,9,164.310(c),"Implement physical safeguards for all workstations that access electronic protected health information, to restrict access to authorized users.",Yes,,,
30,Device and Media Controls - Disposal,"Implement policies and procedures to address the final disposition of electronic protected health information, and/or the hardware or electronic media on which it is stored.",,Physical Safeguards,9,164.310(d)(2)(i),"Implement policies and procedures that govern the receipt and removal of hardware and electronic media that contain electronic protected health information into and out of a facility, and the movement of these items within the facility.",Yes,,,
31,Device and Media Controls - Media Re-use,Implement procedures for removal of electronic protected health information from electronic media before the media are made available for re-use.,,Physical Safeguards,9,164.310(d)(2)(ii),"Implement policies and procedures that govern the receipt and removal of hardware and electronic media that contain electronic protected health information into and out of a facility, and the movement of these items within the facility.",Yes,,,
32,Device and Media Controls - Accountability,Maintain a record of the movements of hardware and electronic media and any person responsible therefore.,,Physical Safeguards,9,164.310(d)(2)(iii),"Implement policies and procedures that govern the receipt and removal of hardware and electronic media that contain electronic protected health information into and out of a facility, and the movement of these items within the facility.",Yes,,,
33,Device and Media Controls - Data Backup and Storage,"Create a retrievable, exact copy of electronic protected health information, when needed, before movement of equipment.",,Physical Safeguards,9,164.310(d)(2)(iv),"Implement policies and procedures that govern the receipt and removal of hardware and electronic media that contain electronic protected health information into and out of a facility, and the movement of these items within the facility.",Yes,,,
34,Access Control - Unique User Identification,Assign a unique name and/or number for identifying and tracking user identity.,,Technical Safeguards,9,164.312(a)(2)(i),Implement technical policies and procedures for electronic information systems that maintain electronic protected health information to allow access only to those persons or software programs that have been granted access rights as specified in § 164.308(a)(4).,Yes,,,
35,Access Control - Emergency Access Procedure,Establish (and implement as needed) procedures for obtaining necessary electronic protected health information during an emergency.,,Technical Safeguards,9,164.312(a)(2)(ii),Implement technical policies and procedures for electronic information systems that maintain electronic protected health information to allow access only to those persons or software programs that have been granted access rights as specified in § 164.308(a)(4).,Yes,,,
36,Access Control - Automatic Logoff,Implement electronic procedures that terminate an electronic session after a predetermined time of inactivity.,,Technical Safeguards,9,164.312(a)(2)(iii),Implement technical policies and procedures for electronic information systems that maintain electronic protected health information to allow access only to those persons or software programs that have been granted access rights as specified in § 164.308(a)(4).,Yes,,,
37,Access Control - Encryption and Decryption,Implement a mechanism to encrypt and decrypt electronic protected health information.,,Technical Safeguards,9,164.312(a)(2)(iv),Implement technical policies and procedures for electronic information systems that maintain electronic protected health information to allow access only to those persons or software programs that have been granted access rights as specified in § 164.308(a)(4).,Yes,,,
38,Audit Controls,"Implement hardware, software, and/or procedural mechanisms that record and examine activity in information systems that contain or use electronic protected health information.",,Technical Safeguards,9,164.312(b),Standard: Audit controls.,Yes,,,
39,Integrity - Mechanism to Authenticate ePHI,Implement electronic mechanisms to corroborate that electronic protected health information has not been altered or destroyed in an unauthorized manner.,,Technical Safeguards,9,164.312(c)(2),Implement policies and procedures to protect electronic protected health information from improper alteration or destruction.,Yes,,,
40,Person or Entity Authentication,Implement procedures to verify that a person or entity seeking access to electronic protected health information is the one claimed.,,Technical Safeguards,9,164.312(d),Standard: Person or entity authentication.,Yes,,,
41,Transmission Security - Integrity Controls,Implement security measures to ensure that electronically transmitted electronic protected health information is not improperly modified without detection until disposed of.,,Technical Safeguards,9,164.312(e)(2)(i),Implement technical security measures to guard against unauthorized access to electronic protected health information that is being transmitted over an electronic communications network.,Yes,,,
42,Transmission Security - Encryption,Implement a mechanism to encrypt electronic protected health information whenever deemed appropriate.,,Technical Safeguards,9,164.312(e)(2)(ii),Implement technical security measures to guard against unauthorized access to electronic protected health information that is being transmitted over an electronic communications network.,Yes,,,
43,Business Associate Contracts - BA Contract Requirements,"The contract must provide that the business associate will— (A) Comply with the applicable requirements of this subpart; (B) In accordance with § 164.308(b)(2), ensure that any subcontractors that create, receive, maintain, or transmit electronic protected health information on behalf of the business associate agree to comply with the applicable requirements of this subpart by entering into a contract or other arrangement that complies with this section; and (C) Report to the covered entity any security incident of which it becomes aware, including breaches of unsecured protected health information as required by § 164.410.",,Organizational Requirements,9,164.314(a)(2),"§ 164.314(a)(1) Standard: Business associate contracts or other arrangements. The contract or other arrangement required by § 164.308(b)(3) must meet the requirements of paragraph (a)(2)(i), (a)(2)(ii), or (a)(2)(iii) of this section, as applicable.",Yes,,,
44,Group Health Plans - Group Health Plan Safeguards,"The plan documents of the group health plan must be amended to incorporate provisions to require the plan sponsor to— (i) Implement administrative, physical, and technical safeguards that reasonably and appropriately protect the confidentiality, integrity, and availability of the electronic protected health information that it creates, receives, maintains, or transmits on behalf of the group health plan; (ii) Ensure that the adequate separation required by § 164.504(f)(2)(iii) is supported by reasonable and appropriate security measures; (iii) Ensure that any agent to whom it provides this information agrees to implement reasonable and appropriate security measures to protect the information; and (iv) Report to the group health plan any security incident of which it becomes aware.",,Organizational Requirements,9,164.314(b)(2),"§ 164.314(b)(1) Standard: Requirements for group health plans. Except when the only electronic protected health information disclosed to a plan sponsor is disclosed pursuant to § 164.504(f)(1)(ii) or (iii), or as authorized under § 164.508, a group health plan must ensure that its plan documents provide that the plan sponsor will reasonably and appropriately safeguard electronic protected health information created, received, maintained, or transmitted to or by the plan sponsor on behalf of the group health plan.",Yes,,,
45,Policies and Procedures - Implement Policies and Procedures,"Implement reasonable and appropriate policies and procedures to comply with the standards, implementation specifications, or other requirements of this subpart, taking into account those factors specified in § 164.306(b)(2)(i), (ii), (iii), and (iv).",,"Policies, Procedures and Documentation",9,164.316(a),"A covered entity or business associate must, in accordance with § 164.306: (a) Standard: Policies and procedures.",Yes,,,
46,Documentation - Maintain Written Documentation,"Maintain the policies and procedures implemented to comply with this subpart in written (which may be electronic) form; and If an action, activity or assessment is required by this subpart to be documented, maintain a written (which may be electronic) record of the action, activity, or assessment.",,"Policies, Procedures and Documentation",9,164.316(b)(1),(b)(1) Standard: Documentation.,Yes,,,
47,Documentation - Time Limit (6-year retention),"Retain the documentation required by paragraph (b)(1) of this section for 6 years from the date of its creation or the date when it last was in effect, whichever is later.",,"Policies, Procedures and Documentation",9,164.316(b)(2)(i),(2) Implementation specifications: (i) Time limit (Required).,Yes,,,
48,Documentation - Availability of Documentation,Make documentation available to those persons responsible for implementing the procedures to which the documentation pertains.,,"Policies, Procedures and Documentation",9,164.316(b)(2)(ii),(ii) Availability (Required).,Yes,,,
49,Documentation - Periodic Review and Updates,"Review documentation periodically, and update as needed, in response to environmental or operational changes affecting the security of the electronic protected health information.",,"Policies, Procedures and Documentation",9,164.316(b)(2)(iii),(iii) Updates (Required).,Yes,,,
50,General Rule - Prohibition on Use/Disclosure Without Basis,A covered entity or business associate may not use or disclose protected health information except as permitted or required by this subpart or by subpart C of part 160 of this subchapter.,,Permitted Uses and Disclosures,47,164.502(a),Standard establishing the foundational prohibition on use and disclosure of PHI without proper authorization or legal basis.,Yes,,,
51,Minimum Necessary - Apply Minimum Necessary Standard,"When using or disclosing protected health information or when requesting protected health information from another covered entity or business associate, a covered entity or business associate must make reasonable efforts to limit protected health information to the minimum necessary to accomplish the intended purpose of the use, disclosure, or request.",,Permitted Uses and Disclosures,47,164.502(b),Standard requiring covered entities and business associates to apply minimum necessary principle to all uses and disclosures of PHI.,Yes,,,
52,Business Associates - Obtain Satisfactory Assurances from Business Associates,"A covered entity may disclose protected health information to a business associate and may allow a business associate to create, receive, maintain, or transmit protected health information on its behalf, if the covered entity obtains satisfactory assurance that the business associate will appropriately safeguard the information.",,Permitted Uses and Disclosures,47,164.502(e),Standard establishing requirement for covered entities to obtain satisfactory assurances from business associates regarding safeguarding of PHI.,Yes,,,
53,Deceased Individuals - Apply PHI Protections to Deceased Individual Data,A covered entity must comply with the requirements of this subpart with respect to the protected health information of a deceased individual for a period of 50 years following the death of the individual.,,Permitted Uses and Disclosures,47,164.502(f),Standard extending PHI protections to deceased individuals data for 50 years post-death.,Yes,,,
54,Personal Representatives - Treat Personal Representatives as the Individual,"A covered entity must, except as provided in paragraphs (g)(3) and (g)(5) of this section, treat a personal representative as the individual for purposes of this subchapter.",,Permitted Uses and Disclosures,47,164.502(g),Standard requiring covered entities to treat personal representatives as the individual regarding PHI rights and protections.,Yes,,,
55,Confidential Communications - Honor Requests for Confidential Communications,A covered entity must comply with the applicable requirements of 164.522(b) in communicating protected health information.,,Permitted Uses and Disclosures,47,164.502(h),Standard regarding honoring requests for confidential communications.,Yes,,,
56,"Treatment, Payment, Operations - Permit Disclosures for TPO Without Authorization","Except with respect to uses or disclosures that require an authorization under § 164.508(a)(2) through (4) or that are prohibited under § 164.502(a)(5)(i), a covered entity may use or disclose protected health information for treatment, payment, or health care operations as set forth in paragraph (c) of this section, provided that such use or disclosure is consistent with other applicable requirements of this subpart.",,Permitted Uses and Disclosures,47,164.506(a),Standard: Permitted uses and disclosures,Yes,,,
57,Authorization: General - Obtain Valid Authorization Before Non-Permitted Use/Disclosure,"Except as otherwise permitted or required by this subchapter, a covered entity may not use or disclose protected health information without an authorization that is valid under this section.",,Permitted Uses and Disclosures,47,164.508(a)(1),§ 164.508 Uses and disclosures for which an authorization is required.,Yes,,,
58,Authorization: Psychotherapy - Obtain Separate Authorization for Psychotherapy Note Disclosures,"Notwithstanding any provision of this subpart, other than the transition provisions in § 164.532, a covered entity must obtain an authorization for any use or disclosure of psychotherapy notes, except: (i) To carry out the following treatment, payment, or health care operations: (A) Use by the originator of the psychotherapy notes for treatment; (B) Use or disclosure by the covered entity for its own training programs in which students, trainees, or practitioners in mental health learn under supervision to practice or improve their skills in group, joint, family, or individual counseling; or (C) Use or disclosure by the covered entity to defend itself in a legal action or other proceeding brought by the individual; and (ii) A use or disclosure that is required by § 164.502(a)(2)(ii) or permitted by § 164.512(a); § 164.512(d) with respect to the oversight of the originator of the psychotherapy notes; § 164.512(g)(1); or § 164.512(j)(1)(i).",,Permitted Uses and Disclosures,47,164.508(a)(2),§ 164.508(a)(2) Authorization required: Psychotherapy notes.,Yes,,,
59,Authorization: Marketing - Obtain Authorization for Marketing Uses of PHI,"Notwithstanding any provision of this subpart, other than the transition provisions in § 164.532, a covered entity must obtain an authorization for any use or disclosure of protected health information for marketing, except if the communication is in the form of: (A) A face-to-face communication made by a covered entity to an individual; or (B) A promotional gift of nominal value provided by the covered entity.",,Permitted Uses and Disclosures,47,164.508(a)(3),§ 164.508(a)(3) Authorization required: Marketing.,Yes,,,
60,Authorization: Sale of PHI - Obtain Authorization Before Selling PHI,"Notwithstanding any provision of this subpart, other than the transition provisions in § 164.532, a covered entity must obtain an authorization for any disclosure of protected health information which is a sale of protected health information, as defined in § 164.501 of this subpart.",,Permitted Uses and Disclosures,47,164.508(a)(4),§ 164.508(a)(4) Authorization required: Sale of protected health information.,Yes,,,
61,Authorization: Core Elements - Ensure Authorizations Contain All Required Elements,"A valid authorization is a document that meets the requirements in paragraphs (a)(3)(ii), (a)(4)(ii), (c)(1), and (c)(2) of this section, as applicable. A valid authorization may contain elements or information in addition to the elements required by this section, provided that such additional elements or information are not inconsistent with the elements required by this section.",,Permitted Uses and Disclosures,47,164.508(b),§ 164.508(b) Implementation specifications: General requirements (1) Valid authorizations.,Yes,,,
62,Facility Directories - Permit Facility Directory Use with Opportunity to Object,A covered health care provider must inform an individual of the protected health information that it may include in a directory and the persons to whom it may disclose such information (including disclosures to clergy of information regarding religious affiliation) and provide the individual with the opportunity to restrict or prohibit some or all of the uses or disclosures permitted by paragraph (a)(1) of this section.,,Permitted Uses and Disclosures,47,164.510(a),"A covered entity may use or disclose protected health information, provided that the individual is informed in advance of the use or disclosure and has the opportunity to agree to or prohibit or restrict the use or disclosure, in accordance with the applicable requirements of this section.",Yes,,,
63,Notification of Others - Permit Disclosure to Persons Involved in Care with Opportunity to Object,"A covered entity may, in accordance with paragraphs (b)(2), (b)(3), or (b)(5) of this section, disclose to a family member, other relative, or a close personal friend of the individual, or any other person identified by the individual, the protected health information directly relevant to such person's involvement with the individual's health care or payment related to the individual's health care.",,Permitted Uses and Disclosures,47,164.510(b),"A covered entity may use or disclose protected health information, provided that the individual is informed in advance of the use or disclosure and has the opportunity to agree to or prohibit or restrict the use or disclosure, in accordance with the applicable requirements of this section.",Yes,,,
64,Required by Law - Permit Disclosures Required by Law,A covered entity may use or disclose protected health information to the extent that such use or disclosure is required by law and the use or disclosure complies with and is limited to the relevant requirements of such law.,,Permitted Uses and Disclosures,47,164.512(a),Uses and disclosures for which an authorization or opportunity to agree or object is not required.,Yes,,,
65,Public Health Activities - Permit Disclosures to Public Health Authorities,"A covered entity may use or disclose protected health information for the public health activities and purposes described in this paragraph to: (i) A public health authority that is authorized by law to collect or receive such information for the purpose of preventing or controlling disease, injury, or disability, including, but not limited to, the reporting of disease, injury, vital events such as birth or death, and the conduct of public health surveillance, public health investigations, and public health interventions; or, at the direction of a public health authority, to an official of a foreign government agency that is acting in collaboration with a public health authority; (ii) A public health authority or other appropriate government authority authorized by law to receive reports of child abuse or neglect; (iii) A person subject to the jurisdiction of the Food and Drug Administration (FDA) with respect to an FDA-regulated product or activity for which that person has responsibility, for the purpose of activities related to the quality, safety or effectiveness of such FDA-regulated product or activity.",,Permitted Uses and Disclosures,47,164.512(b),Standard: Uses and disclosures for public health activities.,Yes,,,
66,Abuse/Neglect Reporting - Permit Disclosures Regarding Victims of Abuse or Neglect,"A covered entity may disclose protected health information about an individual whom the covered entity reasonably believes to be a victim of abuse, neglect, or domestic violence to a government authority, including a social service or protective services agency, authorized by law to receive reports of such abuse, neglect, or domestic violence: (i) To the extent the disclosure is required by law and the disclosure complies with and is limited to the relevant requirements of such law; (ii) If the individual agrees to the disclosure; or (iii) To the extent the disclosure is expressly authorized by statute or regulation and: (A) The covered entity, in the exercise of professional judgment, believes the disclosure is necessary to prevent serious harm to the individual or other potential victims; or (B) If the individual is unable to agree because of incapacity, a law enforcement or other public official authorized to receive the report represents that the protected health information for which disclosure is sought is not intended to be used against the individual and that an immediate enforcement activity that depends upon the disclosure would be materially and adversely affected by waiting until the individual is able to agree to the disclosure.",,Permitted Uses and Disclosures,47,164.512(c),"Standard: Disclosures about victims of abuse, neglect or domestic violence.",Yes,,,
67,Health Oversight Activities - Permit Disclosures to Health Oversight Agencies,"A covered entity may disclose protected health information to a health oversight agency for oversight activities authorized by law, including audits; civil, administrative, or criminal investigations; inspections; licensure or disciplinary actions; civil, administrative, or criminal proceedings or actions; or other activities necessary for appropriate oversight of: (i) The health care system; (ii) Government benefit programs for which health information is relevant to beneficiary eligibility; (iii) Entities subject to government regulatory programs for which health information is necessary for determining compliance with program standards; or (iv) Entities subject to civil rights laws for which health information is necessary for determining compliance.",,Permitted Uses and Disclosures,47,164.512(d),Standard: Uses and disclosures for health oversight activities.,Yes,,,
68,Judicial/Administrative Proceedings - Permit Disclosures in Legal Proceedings Under Required Conditions,"A covered entity may disclose protected health information in the course of any judicial or administrative proceeding: (i) In response to an order of a court or administrative tribunal, provided that the covered entity discloses only the protected health information expressly authorized by such order; or (ii) In response to a subpoena, discovery request, or other lawful process, that is not accompanied by an order of a court or administrative tribunal, if: (A) The covered entity receives satisfactory assurance, as described in paragraph (e)(1)(iii) of this section, from the party seeking the information that reasonable efforts have been made by such party to ensure that the individual who is the subject of the protected health information that has been requested has been given notice of the request; or (B) The covered entity receives satisfactory assurance, as described in paragraph (e)(1)(iv) of this section, from the party seeking the information that reasonable efforts have been made by such party to secure a qualified protective order that meets the requirements of paragraph (e)(1)(v) of this section.",,Permitted Uses and Disclosures,47,164.512(e),Standard: Disclosures for judicial and administrative proceedings.,Yes,,,
69,Law Enforcement - Permit Disclosures to Law Enforcement Under Specific Conditions,Text not provided in regulation excerpt supplied.,,Permitted Uses and Disclosures,47,164.512(f),Standard: Disclosures to law enforcement.,Yes,,,
70,Decedents - Permit Disclosures to Coroners and Medical Examiners,Text not provided in regulation excerpt supplied.,,Permitted Uses and Disclosures,47,164.512(g),Standard: Disclosures to coroners and medical examiners.,Yes,,,
71,Cadaveric Organ Donation - Permit Disclosures to Organ Procurement Organizations,Text not provided in regulation excerpt supplied.,,Permitted Uses and Disclosures,47,164.512(h),Standard: Disclosures to organ procurement organizations.,Yes,,,
72,Research - Permit Disclosures for Research Under Required Conditions,Text not provided in regulation excerpt supplied.,,Permitted Uses and Disclosures,47,164.512(i),Standard: Disclosures for research.,Yes,,,
73,Serious Threat to Health/Safety - Permit Disclosures to Prevent Serious and Imminent Threats,Text not provided in regulation excerpt supplied.,,Permitted Uses and Disclosures,47,164.512(j),Standard: Disclosures to prevent serious and imminent threat to health or safety.,Yes,,,
74,"Specialized Government Functions - Permit Disclosures for Military, National Security, Correctional Contexts",Text not provided in regulation excerpt supplied.,,Permitted Uses and Disclosures,47,164.512(k),Standard: Disclosures for specialized government functions.,Yes,,,
75,Workers Compensation - Permit Disclosures as Required by Workers Compensation Laws,Text not provided in regulation excerpt supplied.,,Permitted Uses and Disclosures,47,164.512(l),Standard: Disclosures for workers compensation.,Yes,,,
76,De-identification - De-identify PHI Using Expert Determination or Safe Harbor Method,"A covered entity may determine that health information is not individually identifiable health information only if: (1) A person with appropriate knowledge of and experience with generally accepted statistical and scientific principles and methods for rendering information not individually identifiable: (i) Applying such principles and methods, determines that the risk is very small that the information could be used, alone or in combination with other reasonably available information, by an anticipated recipient to identify an individual who is a subject of the information; and (ii) Documents the methods and results of the analysis that justify such determination; or (2)(i) The following identifiers of the individual or of relatives, employers, or household members of the individual, are removed: [Names; All geographic subdivisions smaller than a State, including street address, city, county, precinct, zip code, and their equivalent geocodes, except for the initial three digits of a zip code if, according to the current publicly available data from the Bureau of the Census the geographic unit formed by combining all zip codes with the same three initial digits contains more than 20,000 people; and the initial three digits of a zip code for all such geographic units containing 20,000 or fewer people is changed to 000; All elements of dates (except year) for dates directly related to an individual, including birth date, admission date, discharge date, date of death; and all ages over 89 and all elements of dates (including year) indicative of such age, except that such ages and elements may be aggregated into a single category of age 90 or older; Telephone numbers; Fax numbers; Electronic mail addresses; Social security numbers; Medical record numbers; Health plan beneficiary numbers; Account numbers; Certificate/license numbers; Vehicle identifiers and serial numbers, including license plate numbers; Device identifiers and serial numbers; Web Universal Resource Locators (URLs); Internet Protocol (IP) address numbers; Biometric identifiers, including finger and voice prints; Full face photographic images and any comparable images; and Any other unique identifying number, characteristic, or code, except as permitted by paragraph (c) of this section] and (ii) The covered entity does not have actual knowledge that the information could be used alone or in combination with other information to identify an individual who is a subject of the information.",,De-identification and Data Use Limitations,47,164.514(a)–(b),Health information that does not identify an individual and with respect to which there is no reasonable basis to believe that the information can be used to identify an individual is not individually identifiable health information.,Yes,,,
77,Re-identification - Prohibit Re-identification Without Individual Authorization,"A covered entity may assign a code or other means of record identification to allow information de-identified under this section to be re-identified by the covered entity, provided that: (1) Derivation. The code or other means of record identification is not derived from or related to information about the individual and is not otherwise capable of being translated so as to identify the individual; and (2) Security. The covered entity does not use or disclose the code or other means of record identification for any other purpose, and does not disclose the mechanism for re-identification.",,De-identification and Data Use Limitations,47,164.514(c),Implementation specifications: Re-identification.,Yes,,,
78,Minimum Necessary - Apply Minimum Necessary Standard to All Internal Uses and Disclosures,"In order to comply with § 164.502(b) and this section, a covered entity must meet the requirements of paragraphs (d)(2) through (d)(5) of this section with respect to a request for, or the use and disclosure of, protected health information.",,De-identification and Data Use Limitations,47,164.514(d),Standard: Minimum necessary requirements.,Yes,,,
79,Workforce Access - Limit Workforce Access to PHI to Minimum Necessary by Role,"A covered entity must identify: (A) Those persons or classes of persons, as appropriate, in its workforce who need access to protected health information to carry out their duties; and (B) For each such person or class of persons, the category or categories of protected health information to which access is needed and any conditions appropriate to such access. A covered entity must make reasonable efforts to limit the access of such persons or classes identified in paragraph (d)(2)(i)(A) of this section to protected health information consistent with paragraph (d)(2)(i)(B) of this section.",,De-identification and Data Use Limitations,47,164.514(d)(4),Implementation specifications: Minimum necessary uses of protected health information.,Yes,,,
80,Non-Routine Requests - Review Non-Routine Disclosure Requests Against Minimum Necessary Standard,"For all uses, disclosures, or requests to which the requirements in paragraph (d) of this section apply, a covered entity may not use, disclose or request an entire medical record, except when the entire medical record is specifically justified as the amount that is reasonably necessary to accomplish the purpose of the use, disclosure, or request.",,De-identification and Data Use Limitations,47,164.514(d)(5),Implementation specification: Other content requirement.,Yes,,,
81,Limited Data Set - Use Data Use Agreement When Sharing Limited Data Sets,"A covered entity may use or disclose a limited data set that meets the requirements of paragraphs (e)(2) and (e)(3) of this section, if the covered entity enters into a data use agreement with the limited data set recipient, in accordance with paragraph (e)(4) of this section.",,De-identification and Data Use Limitations,47,164.514(e),Standard: Limited data set.,Yes,,,
82,Fundraising - Restrict PHI Use for Fundraising to Permitted Information Only,[Text not provided in regulation excerpt],,De-identification and Data Use Limitations,47,164.514(f),Standard: Fundraising.,Yes,,,
83,Underwriting - Prohibit Use of Genetic Information for Underwriting Purposes,[Text not provided in regulation excerpt],,De-identification and Data Use Limitations,47,164.514(g),Standard: Underwriting.,Yes,,,
84,Notice: Right to Notice - Provide Every Individual a Right to Receive Notice of Privacy Practices,"an individual has a right to adequate notice of the uses and disclosures of protected health information that may be made by the covered entity, and of the individual's rights and the covered entity's legal duties with respect to protected health information",,Individual Rights,47,164.520(a),"Except as provided by paragraph (a)(2) or (3) of this section, an individual has a right to adequate notice of the uses and disclosures of protected health information that may be made by the covered entity, and of the individual's rights and the covered entity's legal duties with respect to protected health information.",Yes,,,
85,Notice: Content Requirements - Include All Required Elements in the Notice of Privacy Practices,The covered entity must provide a notice that is written in plain language and that contains the elements required by this paragraph,,Individual Rights,47,164.520(b),Implementation specifications: Content of notice. (1) Required elements. The covered entity must provide a notice that is written in plain language and that contains the elements required by this paragraph.,Yes,,,
86,Notice: Distribution - Distribute Notice of Privacy Practices as Required,"A covered entity must make the notice required by this section available on request to any person and to individuals as specified in paragraphs (c)(1) through (c)(3) of this section, as applicable",,Individual Rights,47,164.520(c),"Implementation specifications: Provision of notice. A covered entity must make the notice required by this section available on request to any person and to individuals as specified in paragraphs (c)(1) through (c)(3) of this section, as applicable.",Yes,,,
87,Notice: Joint Notice - Issue Joint Notice for Organized Health Care Arrangements,No match found in provided regulation text,,Individual Rights,47,164.520(d),No match found in provided regulation text,Yes,,,
88,Right to Restrict - Establish Process to Accept and Honor Restriction Requests,"A covered entity must permit an individual to request that the covered entity restrict: (A) Uses or disclosures of protected health information about the individual to carry out treatment, payment, or health care operations; and (B) Disclosures permitted under § 164.510(b).",,Individual Rights,47,164.522(a),Standard: Right of an individual to request restriction of uses and disclosures.,Yes,,,
89,Restriction: Out-of-Pocket - Honor Restriction Requests When Individual Pays Out of Pocket in Full,"A covered entity must agree to the request of an individual to restrict disclosure of protected health information about the individual to a health plan if: (A) The disclosure is for the purpose of carrying out payment or health care operations and is not otherwise required by law; and (B) The protected health information pertains solely to a health care item or service for which the individual, or person other than the health plan on behalf of the individual, has paid the covered entity in full.",,Individual Rights,47,164.522(a)(1)(vi),Standard: Right of an individual to request restriction of uses and disclosures.,Yes,,,
90,Confidential Communications - Accommodate Reasonable Requests for Confidential Communications,"A covered health care provider must permit individuals to request and must accommodate reasonable requests by individuals to receive communications of protected health information from the covered health care provider by alternative means or at alternative locations. A health plan must permit individuals to request and must accommodate reasonable requests by individuals to receive communications of protected health information from the health plan by alternative means or at alternative locations, if the individual clearly states that the disclosure of all or part of that information could endanger the individual.",,Individual Rights,47,164.522(b),Standard: Confidential communications requirements.,Yes,,,
91,Right of Access - Grant Individuals Right to Access PHI in Designated Record Sets,"an individual has a right of access to inspect and obtain a copy of protected health information about the individual in a designated record set, for as long as the protected health information is maintained in the designated record set",,Individual Rights,47,164.524(a),"Except as otherwise provided in paragraph (a)(2) or (a)(3) of this section, an individual has a right of access to inspect and obtain a copy of protected health information about the individual in a designated record set, for as long as the protected health information is maintained in the designated record set",Yes,,,
92,Access: Requests - Establish Process for Individuals to Submit Access Requests,"The covered entity must permit an individual to request access to inspect or to obtain a copy of the protected health information about the individual that is maintained in a designated record set. The covered entity may require individuals to make requests for access in writing, provided that it informs individuals of such a requirement.",,Individual Rights,47,164.524(b),Implementation specifications: Requests for access and timely action,Yes,,,
93,Access: Timely Action - Respond to Access Requests Within Required Timeframes,the covered entity must act on a request for access no later than 30 days after receipt of the request,,Individual Rights,47,164.524(c),"Timely action by the covered entity. Except as provided in paragraph (b)(2)(ii) of this section, the covered entity must act on a request for access no later than 30 days after receipt of the request",Yes,,,
94,Access: Denial - Provide Written Denial and Review Rights When Denying Access,"The covered entity must provide a timely, written denial to the individual, in accordance with paragraph (b)(2) of this section. The denial must be in plain language and contain: (i) The basis for the denial; (ii) If applicable, a statement of the individual's review rights under paragraph (a)(4) of this section, including a description of how the individual may exercise such review rights; and (iii) A description of how the individual may complain to the covered entity pursuant to the complaint procedures in § 164.530(d) or to the Secretary pursuant to the procedures in § 160.306.",,Individual Rights,47,164.524(d),"Implementation specifications: Denial of access. If the covered entity denies access, in whole or in part, to protected health information, the covered entity must comply with the following requirements.",Yes,,,
95,Right to Amend - Grant Individuals Right to Request Amendment of PHI,An individual has the right to have a covered entity amend protected health information or a record about the individual in a designated record set for as long as the protected health information is maintained in the designated record set.,,Individual Rights,47,164.526(a),§ 164.526 Amendment of protected health information. (a) Standard: Right to amend.,Yes,,,
96,Amendment: Timely Action - Act on Amendment Requests Within 60 Days,The covered entity must act on the individual's request for an amendment no later than 60 days after receipt of such a request.,,Individual Rights,47,164.526(b),§ 164.526 (b) Implementation specifications: Requests for amendment and timely action. (2) Timely action by the covered entity. (i) The covered entity must act on the individual's request for an amendment no later than 60 days after receipt of such a request.,Yes,,,
97,Amendment: Decision - Notify Individual and Relevant Parties of Amendment Decision,"The covered entity must timely inform the individual that the amendment is accepted and obtain the individual's identification of and agreement to have the covered entity notify the relevant persons with which the amendment needs to be shared in accordance with paragraph (c)(3) of this section; and if the covered entity denies the requested amendment, in whole or in part, the covered entity must provide the individual with a timely, written denial, in accordance with paragraph (b)(2) of this section.",,Individual Rights,47,164.526(c)–(d),"§ 164.526 (c) Implementation specifications: Accepting the amendment. (2) Informing the individual. In accordance with paragraph (b) of this section, the covered entity must timely inform the individual that the amendment is accepted and obtain the individual's identification of and agreement to have the covered entity notify the relevant persons with which the amendment needs to be shared in accordance with paragraph (c)(3) of this section; and (d) Implementation specifications: Denying the amendment. (1) Denial. The covered entity must provide the individual with a timely, written denial, in accordance with paragraph (b)(2) of this section.",Yes,,,
98,Accounting of Disclosures - Provide Individuals an Accounting of Disclosures Upon Request,"An individual has a right to receive an accounting of disclosures of protected health information made by a covered entity in the six years prior to the date on which the accounting is requested, except for disclosures: (i) To carry out treatment, payment and health care operations as provided in § 164.506; (ii) To individuals of protected health information about them as provided in § 164.502; (iii) Incident to a use or disclosure otherwise permitted or required by this subpart, as provided in § 164.502; (iv) Pursuant to an authorization as provided in § 164.508; (v) For the facility's directory or to persons involved in the individual's care or other notification purposes as provided in § 164.510; (vi) For national security or intelligence purposes as provided in § 164.512(k)(2); (vii) To correctional institutions or law enforcement officials as provided in § 164.512(k)(5); (viii) As part of a limited data set in accordance with § 164.514(e); or (ix) That occurred prior to the compliance date for the covered entity.",,Individual Rights,47,164.528(a),Standard: Right to an accounting of disclosures of protected health information.,Yes,,,
99,Accounting: Content - Include All Required Elements in Each Accounting,"The covered entity must provide the individual with a written accounting that includes for each disclosure: (i) The date of the disclosure; (ii) The name of the entity or person who received the protected health information and, if known, the address of such entity or person; (iii) A brief description of the protected health information disclosed; and (iv) A brief statement of the purpose of the disclosure that reasonably informs the individual of the basis for the disclosure or, in lieu of such statement, a copy of a written request for a disclosure under §§ 164.502(a)(2)(ii) or 164.512, if any.",,Individual Rights,47,164.528(b),Implementation specifications: Content of the accounting.,Yes,,,
100,Accounting: Timeliness - Respond to Accounting Requests Within Required Timeframes,"The covered entity must act on the individual's request for an accounting, no later than 60 days after receipt of such a request, as follows: (i) The covered entity must provide the individual with the accounting requested; or (ii) If the covered entity is unable to provide the accounting within the time required by paragraph (c)(1) of this section, the covered entity may extend the time to provide the accounting by no more than 30 days, provided that: (A) The covered entity, within the time limit set by paragraph (c)(1) of this section, provides the individual with a written statement of the reasons for the delay and the date by which the covered entity will provide the accounting; and (B) The covered entity may have only one such extension of time for action on a request for an accounting.",,Individual Rights,47,164.528(c),Implementation specifications: Provision of the accounting.,Yes,,,
101,Business Associate Contracts: General - Obtain a Business Associate Agreement Before Sharing PHI with a BA,"The contract or other arrangement required by 164.502(e)(2) must meet the requirements of paragraph (e)(2), (e)(3), or (e)(5) of this section, as applicable.",,Organizational Requirements,47,164.504(e)(1),A covered entity must obtain a Business Associate Agreement before sharing PHI with a BA.,Yes,,,
102,BA Contract: Required Provisions - Ensure BA Contracts Include All Required Privacy Provisions,A contract between the covered entity and a business associate must: (i) Establish the permitted and required uses and disclosures of protected health information by the business associate. The contract may not authorize the business associate to use or further disclose the information in a manner that would violate the requirements of this subpart.,,Organizational Requirements,47,164.504(e)(2),Ensure BA Contracts Include All Required Privacy Provisions.,Yes,,,
103,BA Contract: Subcontractors - Require BAs to Flow Down Privacy Obligations to Subcontractors,"To the extent the business associate is to carry out a covered entity obligation under this subpart, comply with the requirements of this subpart that apply to the covered entity in the performance of such obligation.",,Organizational Requirements,47,164.504(e)(2)(ii)(H),Require BAs to Flow Down Privacy Obligations to Subcontractors.,Yes,,,
104,BA Contract: Violation Response - Terminate BA Contract or Report Violation Upon Discovery of Material Breach,"A covered entity is not in compliance with the standards in 164.502(e) and this paragraph, if the covered entity knew of a pattern of activity or practice of the business associate that constituted a material breach or violation of the business associate obligation under the contract or other arrangement, unless the covered entity took reasonable steps to cure the breach or end the violation, as applicable, and, if such steps were unsuccessful, terminated the contract or arrangement, if feasible.",,Organizational Requirements,47,164.504(e)(5),Terminate BA Contract or Report Violation Upon Discovery of Material Breach.,Yes,,,
105,Group Health Plans - Amend Plan Documents to Restrict Plan Sponsor Access to PHI,"A group health plan, in order to disclose protected health information to the plan sponsor or to provide for or permit the disclosure of protected health information to the plan sponsor by a health insurance issuer or HMO with respect to the group health plan, must ensure that the plan documents restrict uses and disclosures of such information by the plan sponsor consistent with the requirements of this subpart.",,Organizational Requirements,47,164.504(f),Amend Plan Documents to Restrict Plan Sponsor Access to PHI.,Yes,,,
106,Hybrid Entities - Designate Health Care Component and Apply Privacy Rule Accordingly,A covered entity that is a hybrid entity must designate the health care components of its operations and must ensure that each health care component complies with the applicable requirements of this subpart.,,Organizational Requirements,47,164.504(g),Designate Health Care Component and Apply Privacy Rule Accordingly.,Yes,,,
107,Personnel Designations - Designate a Privacy Official Responsible for Privacy Program,A covered entity must designate a privacy official who is responsible for the development and implementation of the policies and procedures of the entity.,,Administrative Requirements,47,164.530(a)(1),Standard: Personnel designations.,Yes,,,
108,Personnel Designations - Designate a Contact Person for Receiving Privacy Complaints,A covered entity must designate a contact person or office who is responsible for receiving complaints under this section and who is able to provide further information about matters covered by the notice required by § 164.520.,,Administrative Requirements,47,164.530(a)(1)(ii),Standard: Personnel designations.,Yes,,,
109,Training - Train All Workforce Members on Privacy Policies and Procedures,"A covered entity must train all members of its workforce on the policies and procedures with respect to protected health information required by this subpart and subpart D of this part, as necessary and appropriate for the members of the workforce to carry out their functions within the covered entity.",,Administrative Requirements,47,164.530(b)(1),Standard: Training.,Yes,,,
110,Training: Timing - Train New Members Within Reasonable Period; Retrain on Material Changes,"A covered entity must provide training that meets the requirements of paragraph (b)(1) of this section, as follows: To each member of the covered entity's workforce by no later than the compliance date for the covered entity; Thereafter, to each new member of the workforce within a reasonable period of time after the person joins the covered entity's workforce; and To each member of the covered entity's workforce whose functions are affected by a material change in the policies or procedures required by this subpart or subpart D of this part, within a reasonable period of time after the material change becomes effective in accordance with paragraph (i) of this section.",,Administrative Requirements,47,164.530(b)(2),Implementation specifications: Training.,Yes,,,
111,"Safeguards - Implement Administrative, Technical, and Physical PHI Safeguards","A covered entity must have in place appropriate administrative, technical, and physical safeguards to protect the privacy of protected health information.",,Administrative Requirements,47,164.530(c)(1),Standard: Safeguards.,Yes,,,
112,Safeguards: Incidental Use - Reasonably Limit Incidental Uses and Disclosures,A covered entity must reasonably safeguard protected health information to limit incidental uses or disclosures made pursuant to an otherwise permitted or required use or disclosure.,,Administrative Requirements,47,164.530(c)(2),Implementation specification: Safeguards.,Yes,,,
113,Complaints - Provide Process for Individuals to File Privacy Complaints,A covered entity must provide a process for individuals to make complaints concerning the covered entity's policies and procedures required by this subpart and subpart D of this part or its compliance with such policies and procedures or the requirements of this subpart or subpart D of this part.,,Administrative Requirements,47,164.530(d)(1),Standard: Complaints to the covered entity.,Yes,,,
114,Complaints: Documentation - Document All Complaints Received and Their Disposition,"A covered entity must document all complaints received, and their disposition, if any.",,Administrative Requirements,47,164.530(d)(2),Implementation specification: Documentation of complaints.,Yes,,,
115,Sanctions - Apply Sanctions to Workforce Members Who Violate Privacy Policies,A covered entity must have and apply appropriate sanctions against members of its workforce who fail to comply with the privacy policies and procedures of the covered entity or the requirements of this subpart or subpart D of this part.,,Administrative Requirements,47,164.530(e)(1),Standard: Sanctions.,Yes,,,
116,Sanctions: Documentation - Document Sanctions Applied,"A covered entity must document the sanctions that are applied, if any.",,Administrative Requirements,47,164.530(e)(2),Implementation specification: Documentation.,Yes,,,
117,Mitigation - Mitigate Harmful Effects of Any Known Privacy Violation,"A covered entity must mitigate, to the extent practicable, any harmful effect that is known to the covered entity of a use or disclosure of protected health information in violation of its policies and procedures or the requirements of this subpart by the covered entity or its business associate.",,Administrative Requirements,47,164.530(f),Standard: Mitigation.,Yes,,,
118,No Retaliation - Prohibit Retaliation Against Individuals for Exercising Privacy Rights,"A covered entity may not intimidate, threaten, coerce, discriminate against, or take other retaliatory action against any individual for the exercise by the individual of any right established, or for participation in any process provided for, by this subpart or subpart D of this part, including the filing of a complaint under this section; and Must refrain from intimidation and retaliation as provided in § 160.316 of this subchapter.",,Administrative Requirements,47,164.530(g),Standard: Refraining from intimidating or retaliatory acts.,Yes,,,
119,No Waiver of Rights - Prohibit Conditioning Treatment or Benefits on Waiver of Privacy Rights,"A covered entity may not require individuals to waive their rights under § 160.306 of this subchapter, this subpart, or subpart D of this part, as a condition of the provision of treatment, payment, enrollment in a health plan, or eligibility for benefits.",,Administrative Requirements,47,164.530(h),Standard: Waiver of rights.,Yes,,,
120,Policies and Procedures - Implement Policies and Procedures to Comply with Privacy Rule,"A covered entity must implement policies and procedures with respect to protected health information that are designed to comply with the standards, implementation specifications, or other requirements of this subpart and subpart D of this part. The policies and procedures must be reasonably designed, taking into account the size and the type of activities that relate to protected health information undertaken by a covered entity, to ensure such compliance.",,Administrative Requirements,47,164.530(i)(1),Standard: Policies and procedures.,Yes,,,
121,Changes to Policies - Update Policies and Procedures as Laws and Practices Change,"A covered entity must change its policies and procedures as necessary and appropriate to comply with changes in the law, including the standards, requirements, and implementation specifications of this subpart or subpart D of this part.",,Administrative Requirements,47,164.530(i)(2),Standard: Changes to policies and procedures.,Yes,,,
122,Documentation - Maintain Written or Electronic Records of All Required Policies and Actions,"A covered entity must: (i) Maintain the policies and procedures provided for in paragraph (i) of this section in written or electronic form; (ii) If a communication is required by this subpart to be in writing, maintain such writing, or an electronic copy, as documentation; and (iii) If an action, activity, or designation is required by this subpart to be documented, maintain a written or electronic record of such action, activity, or designation.",,Administrative Requirements,47,164.530(j)(1),"Standard: Documentation. A covered entity must maintain the policies and procedures provided for in paragraph (i) of this section in written or electronic form; if a communication is required by this subpart to be in writing, maintain such writing, or an electronic copy, as documentation; and if an action, activity, or designation is required by this subpart to be documented, maintain a written or electronic record of such action, activity, or designation.",Yes,,,
123,Retention Period - Retain Privacy Documentation for 6 Years from Creation or Last Effect,"A covered entity must retain the documentation required by paragraph (j)(1) of this section for six years from the date of its creation or the date when it last was in effect, whichever is later.",,Administrative Requirements,47,164.530(j)(2),"Implementation specification: Retention period. A covered entity must retain the documentation required by paragraph (j)(1) of this section for six years from the date of its creation or the date when it last was in effect, whichever is later.",Yes,,,
